DATE,SET50,SET50_TRI
2/1/2013,954.41,
3/1/2013,953.05,
4/1/2013,958.42,
7/1/2013,956.17,
8/1/2013,956.61,
9/1/2013,959.45,
10/1/2013,947.1,
11/1/2013,950.08,
14/1/2013,957.21,
15/1/2013,953.81,
16/1/2013,946.73,
17/1/2013,949.84,
18/1/2013,959.56,
21/1/2013,963.1,
22/1/2013,960.22,
23/1/2013,965.24,
24/1/2013,969.81,
25/1/2013,977.53,
28/1/2013,984.52,
29/1/2013,989.92,
30/1/2013,1000.25,
31/1/2013,988.21,
1/2/2013,1005.09,
4/2/2013,1009.27,
5/2/2013,1007.88,
6/2/2013,1001.02,
7/2/2013,999.93,
8/2/2013,995.9,
11/2/2013,986.18,
12/2/2013,983.68,
13/2/2013,1004.05,
14/2/2013,1012.43,
15/2/2013,1006.06,
18/2/2013,1004.82,
19/2/2013,1011.33,
20/2/2013,1021.05,
21/2/2013,1007.13,
22/2/2013,1014.25,
26/2/2013,1004.67,
27/2/2013,994.37,
28/2/2013,1014.03,
1/3/2013,1013.15,
4/3/2013,1014.2,
5/3/2013,1018.94,
6/3/2013,1024.14,
7/3/2013,1022.64,
8/3/2013,1025.72,
11/3/2013,1032.33,
12/3/2013,1032.74,
13/3/2013,1033.34,
14/3/2013,1038.12,
15/3/2013,1045.26,
18/3/2013,1041.27,
19/3/2013,1029.44,
20/3/2013,1016.01,
21/3/2013,1008.14,
22/3/2013,977.04,
25/3/2013,1002.43,
26/3/2013,1015.99,
27/3/2013,1025.96,
28/3/2013,1014.98,
29/3/2013,1024.92,
1/4/2013,1017.35,
2/4/2013,1021.89,
3/4/2013,1004.67,
4/4/2013,1010.71,
5/4/2013,982.48,
9/4/2013,971.41,
10/4/2013,984.77,
11/4/2013,1002.02,
12/4/2013,1007.45,
17/4/2013,1003.73,
18/4/2013,1008.83,
19/4/2013,1018.36,
22/4/2013,1027.92,
23/4/2013,1021.18,
24/4/2013,1024.94,
25/4/2013,1039.46,
26/4/2013,1044.82,
29/4/2013,1046.12,
30/4/2013,1055.62,
2/5/2013,1050.48,
3/5/2013,1042.7,
7/5/2013,1061.37,
8/5/2013,1071.05,
9/5/2013,1075.95,
10/5/2013,1076.13,
13/5/2013,1071.68,
14/5/2013,1074.35,
15/5/2013,1081.13,
16/5/2013,1072.89,
17/5/2013,1079.78,
20/5/2013,1092.27,
21/5/2013,1091.2,
22/5/2013,1081.69,
23/5/2013,1064.49,
27/5/2013,1053.5,
28/5/2013,1072.57,
29/5/2013,1058.59,
30/5/2013,1044.4,
31/5/2013,1029.01,
3/6/2013,1015.37,
4/6/2013,1028.91,
5/6/2013,1005.65,
6/6/2013,989,
7/6/2013,1007.39,
10/6/2013,1014.27,
11/6/2013,962.73,
12/6/2013,950.87,
13/6/2013,938.26,
14/6/2013,978.87,
17/6/2013,982.16,
18/6/2013,950.53,
19/6/2013,960.32,
20/6/2013,937.44,
21/6/2013,940.65,
24/6/2013,916.55,
25/6/2013,934.24,
26/6/2013,961.98,
27/6/2013,978.96,
28/6/2013,982.99,
2/7/2013,992,
3/7/2013,977,
4/7/2013,969,
5/7/2013,977.53,
8/7/2013,952.19,
9/7/2013,949.11,
10/7/2013,946.66,
11/7/2013,989.22,
12/7/2013,991.6,
15/7/2013,989.99,
16/7/2013,986.45,
17/7/2013,991.41,
18/7/2013,1010.46,
19/7/2013,1004.94,
23/7/2013,1027.39,
24/7/2013,1017.9,
25/7/2013,987.42,
26/7/2013,1002.93,
29/7/2013,986.13,
30/7/2013,971.85,
31/7/2013,966.03,
1/8/2013,977.47,
2/8/2013,966.98,
5/8/2013,970.19,
6/8/2013,973.34,
7/8/2013,972.45,
8/8/2013,983.96,
9/8/2013,969.7,
13/8/2013,989.86,
14/8/2013,992.98,
15/8/2013,986.83,
16/8/2013,981.08,
19/8/2013,947.7,
20/8/2013,931.47,
21/8/2013,918.82,
22/8/2013,919.82,
23/8/2013,908.97,
26/8/2013,903.47,
27/8/2013,883.9,
28/8/2013,873.62,
29/8/2013,885.07,
30/8/2013,882.98,
2/9/2013,903.5,
3/9/2013,898.13,
4/9/2013,889.33,
5/9/2013,897.31,
6/9/2013,913.56,
9/9/2013,951.35,
10/9/2013,957.77,
11/9/2013,970.21,
12/9/2013,956.7,
13/9/2013,957.25,
16/9/2013,989.37,
17/9/2013,988.56,
18/9/2013,982.43,
19/9/2013,1019.09,
20/9/2013,1017.3,
23/9/2013,983.2,
24/9/2013,968.7,
25/9/2013,982.96,
26/9/2013,973.13,
27/9/2013,967.51,
30/9/2013,940.88,
1/10/2013,959.71,
2/10/2013,959.29,
3/10/2013,974.66,
4/10/2013,973.12,
7/10/2013,962.87,
8/10/2013,978.53,
9/10/2013,979.02,
10/10/2013,991.92,
11/10/2013,996.01,
14/10/2013,997.23,
15/10/2013,1006.65,
16/10/2013,999.59,
17/10/2013,1002.85,
18/10/2013,1014.42,
21/10/2013,988.5,
22/10/2013,994.7,
24/10/2013,1001.3,
25/10/2013,992.01,
28/10/2013,988.57,
29/10/2013,992.83,
30/10/2013,977.09,
31/10/2013,987.06,
1/11/2013,977.27,
4/11/2013,949.84,
5/11/2013,967.41,
6/11/2013,982.61,
7/11/2013,975.97,
8/11/2013,960.68,
11/11/2013,962.39,
12/11/2013,965.95,
13/11/2013,957.5,
14/11/2013,966.27,
15/11/2013,971.07,
18/11/2013,974.16,
19/11/2013,966.06,
20/11/2013,960.66,
21/11/2013,940.41,
22/11/2013,927.07,
25/11/2013,923.3,
26/11/2013,927.55,
27/11/2013,937.53,
28/11/2013,927.29,
29/11/2013,935.22,
2/12/2013,938.8,
3/12/2013,945.88,
4/12/2013,939.42,
6/12/2013,928.98,
9/12/2013,934.34,
11/12/2013,935.79,
12/12/2013,925.03,
13/12/2013,912.95,
16/12/2013,904.51,
17/12/2013,911.88,
18/12/2013,922.32,
19/12/2013,919.45,
20/12/2013,916.83,
23/12/2013,904.57,
24/12/2013,905.31,
25/12/2013,909.6,
26/12/2013,891.45,
27/12/2013,883.4,
2/1/2014,833.29,
3/1/2014,829.89,
6/1/2014,837.68,
7/1/2014,861.63,
8/1/2014,859.35,
9/1/2014,860,
10/1/2014,858.25,
13/1/2014,880.7,
14/1/2014,887.93,
15/1/2014,871.02,
16/1/2014,888.02,
17/1/2014,883.94,
20/1/2014,879.05,
21/1/2014,880.84,
22/1/2014,879.59,
23/1/2014,894.11,
24/1/2014,898.88,
27/1/2014,878.55,
28/1/2014,865.18,
29/1/2014,863.61,
30/1/2014,857.5,
31/1/2014,866.34,
3/2/2014,879.72,
4/2/2014,865.23,
5/2/2014,867.11,
6/2/2014,878.27,
7/2/2014,879.69,
10/2/2014,874.88,
11/2/2014,879.09,
12/2/2014,892.57,
13/2/2014,890.01,
17/2/2014,906.24,
18/2/2014,901.09,
19/2/2014,896.85,
20/2/2014,883.3,
21/2/2014,883.06,
24/2/2014,881.56,
25/2/2014,883.16,
26/2/2014,883.56,
27/2/2014,894.16,
28/2/2014,899.51,
3/3/2014,909.96,
4/3/2014,913.94,
5/3/2014,917.59,
6/3/2014,916.04,
7/3/2014,916.97,
10/3/2014,912.28,
11/3/2014,923.94,
12/3/2014,917.68,
13/3/2014,928.86,
14/3/2014,928.1,
17/3/2014,931.77,
18/3/2014,928.8,
19/3/2014,922.81,
20/3/2014,920.22,
21/3/2014,919.32,
24/3/2014,912.35,
25/3/2014,917.34,
26/3/2014,921.49,
27/3/2014,919.06,
28/3/2014,929.84,
31/3/2014,935.76,
1/4/2014,943.93,
2/4/2014,950.66,
3/4/2014,946.18,
4/4/2014,946.53,
8/4/2014,936.94,
9/4/2014,938.35,
10/4/2014,944.06,
11/4/2014,943.45,
16/4/2014,952.63,
17/4/2014,957.23,
18/4/2014,957.17,
21/4/2014,960.25,
22/4/2014,961.2,
23/4/2014,966.5,
24/4/2014,964.83,
25/4/2014,953.36,
28/4/2014,956.25,
29/4/2014,956.51,
30/4/2014,959.51,
2/5/2014,964.36,
6/5/2014,952.73,
7/5/2014,951.52,
8/5/2014,935.41,
9/5/2014,935.41,
12/5/2014,932.7,
14/5/2014,946.78,
15/5/2014,946.88,
16/5/2014,955.52,
19/5/2014,959.26,
20/5/2014,946.5,
21/5/2014,950.46,
22/5/2014,950.59,
23/5/2014,944.13,
26/5/2014,937.07,
27/5/2014,938.09,
28/5/2014,945.08,
29/5/2014,948.66,
30/5/2014,952.2,
2/6/2014,971.73,
3/6/2014,982.07,
4/6/2014,978.32,
5/6/2014,980.11,
6/6/2014,983.64,
9/6/2014,982.07,
10/6/2014,990.66,
11/6/2014,985.56,
12/6/2014,979.28,
13/6/2014,977.89,
16/6/2014,990.03,
17/6/2014,988.25,
18/6/2014,974.78,
19/6/2014,981.66,
20/6/2014,984.82,
23/6/2014,985.71,
24/6/2014,979.83,
25/6/2014,985.87,
26/6/2014,992.67,
27/6/2014,997.61,
30/6/2014,999.62,
2/7/2014,1002.53,
3/7/2014,1002.99,
4/7/2014,1003.64,
7/7/2014,1009.18,
8/7/2014,1013.82,
9/7/2014,1013.12,
10/7/2014,1021.06,
14/7/2014,1029.68,
15/7/2014,1026.21,
16/7/2014,1029.54,
17/7/2014,1033.07,
18/7/2014,1030.19,
21/7/2014,1031.65,
22/7/2014,1019.72,
23/7/2014,1033.86,
24/7/2014,1034.98,
25/7/2014,1033.82,
28/7/2014,1028.27,
29/7/2014,1018.53,
30/7/2014,1019.4,
31/7/2014,1006.97,
1/8/2014,1005.23,
4/8/2014,1019.45,
5/8/2014,1025.51,
6/8/2014,1021.42,
7/8/2014,1021.71,
8/8/2014,1018.47,
13/8/2014,1038.63,
14/8/2014,1036.64,
15/8/2014,1039.38,
18/8/2014,1035.54,
19/8/2014,1035.7,
20/8/2014,1041.56,
21/8/2014,1040.8,
22/8/2014,1043.55,
25/8/2014,1048.53,
26/8/2014,1046.19,
27/8/2014,1049.71,
28/8/2014,1044.4,
29/8/2014,1044.25,
1/9/2014,1046.14,
2/9/2014,1047.85,
3/9/2014,1058.83,
4/9/2014,1056.87,
5/9/2014,1059.57,
8/9/2014,1059.3,
9/9/2014,1058.47,
10/9/2014,1057.77,
11/9/2014,1056.05,
12/9/2014,1056.21,
15/9/2014,1053.01,
16/9/2014,1043.58,
17/9/2014,1048.39,
18/9/2014,1056.78,
19/9/2014,1057.43,
22/9/2014,1061.18,
23/9/2014,1062.16,
24/9/2014,1062.76,
25/9/2014,1063.18,
26/9/2014,1069.08,
29/9/2014,1056.5,
30/9/2014,1057.22,
1/10/2014,1057.88,
2/10/2014,1047.78,
3/10/2014,1047.12,
6/10/2014,1031.32,
7/10/2014,1028.87,
8/10/2014,1029.19,
9/10/2014,1041.7,
10/10/2014,1034.96,
13/10/2014,1025.06,
14/10/2014,1028.32,
15/10/2014,1026.57,
16/10/2014,1012.23,
17/10/2014,1014.58,
20/10/2014,1014.52,
21/10/2014,1014.79,
22/10/2014,1018.42,
24/10/2014,1022.37,
27/10/2014,1026.29,
28/10/2014,1031.73,
29/10/2014,1035.26,
30/10/2014,1037.37,
31/10/2014,1053.22,
3/11/2014,1051.08,
4/11/2014,1056.34,
5/11/2014,1050.6,
6/11/2014,1053.45,
7/11/2014,1051.69,
10/11/2014,1043.22,
11/11/2014,1047.51,
12/11/2014,1043.18,
13/11/2014,1054.49,
14/11/2014,1051.87,
17/11/2014,1046.33,
18/11/2014,1056.37,
19/11/2014,1053.86,
20/11/2014,1046.67,
21/11/2014,1055.78,
24/11/2014,1063.21,
25/11/2014,1070.59,
26/11/2014,1069.11,
27/11/2014,1074.8,
28/11/2014,1069.36,
1/12/2014,1069.03,
2/12/2014,1069.54,
3/12/2014,1068.93,
4/12/2014,1070.99,
8/12/2014,1055.73,
9/12/2014,1040.98,
11/12/2014,1018.38,
12/12/2014,1007.42,
15/12/2014,989.4,
16/12/2014,971.7,
17/12/2014,985.06,
18/12/2014,1013.14,
19/12/2014,1011.06,
22/12/2014,1028.22,
23/12/2014,1023.37,
24/12/2014,1020.37,
25/12/2014,1005.28,
26/12/2014,1010.61,
29/12/2014,1001.37,
30/12/2014,1001.01,
5/1/2015,987.4,
6/1/2015,980.5,
7/1/2015,998.05,
8/1/2015,1013.24,
9/1/2015,1017.87,
12/1/2015,1019.38,
13/1/2015,1020.22,
14/1/2015,1010.98,
15/1/2015,1009.97,
16/1/2015,1005.51,
19/1/2015,1019.92,
20/1/2015,1018.99,
21/1/2015,1019.07,
22/1/2015,1039.12,
23/1/2015,1073,
26/1/2015,1062.93,
27/1/2015,1061.12,
28/1/2015,1062.01,
29/1/2015,1056.23,
30/1/2015,1050.29,
2/2/2015,1051.38,
3/2/2015,1068.91,
4/2/2015,1066.1,
5/2/2015,1071.36,
6/2/2015,1074.39,
9/2/2015,1063.8,
10/2/2015,1057.54,
11/2/2015,1064.61,
12/2/2015,1070.5,
13/2/2015,1071.02,
16/2/2015,1064.75,
17/2/2015,1050.81,
18/2/2015,1061.45,
19/2/2015,1056.48,
20/2/2015,1058.77,
23/2/2015,1049.93,
24/2/2015,1052.61,
25/2/2015,1045.8,
26/2/2015,1051.1,
27/2/2015,1042.8,
2/3/2015,1039.47,
3/3/2015,1027.89,
5/3/2015,1022.09,
6/3/2015,1032.49,
9/3/2015,1027.02,
10/3/2015,1005.25,
11/3/2015,1015.94,
12/3/2015,1013.98,
13/3/2015,1012.25,
16/3/2015,996.39,
17/3/2015,997.43,
18/3/2015,1010.99,
19/3/2015,1012.18,
20/3/2015,1010.67,
23/3/2015,1006.03,
24/3/2015,1005.12,
25/3/2015,1002.56,
26/3/2015,992.82,
27/3/2015,993.33,
30/3/2015,993.27,
31/3/2015,997.66,
1/4/2015,1010.04,
2/4/2015,1015.3,
3/4/2015,1017.08,
7/4/2015,1027.62,
8/4/2015,1023.97,
9/4/2015,1023.65,
10/4/2015,1025.38,
16/4/2015,1043.73,
17/4/2015,1039.53,
20/4/2015,1033.75,
21/4/2015,1040.23,
22/4/2015,1024.61,
23/4/2015,1019.38,
24/4/2015,1028.41,
27/4/2015,1023.45,
28/4/2015,1011.87,
29/4/2015,1003.48,
30/4/2015,1006.1,
6/5/2015,1003.19,
7/5/2015,990.69,
8/5/2015,1001.04,
11/5/2015,996.27,
12/5/2015,986.51,
13/5/2015,994.61,
14/5/2015,993.03,
15/5/2015,1002.83,
18/5/2015,1001.25,
19/5/2015,1012.71,
20/5/2015,1005.98,
21/5/2015,1010.71,
22/5/2015,1007.68,
25/5/2015,996.05,
26/5/2015,989.31,
27/5/2015,991.39,
28/5/2015,985.15,
29/5/2015,985.37,
2/6/2015,972.01,
3/6/2015,975.93,
4/6/2015,981.86,
5/6/2015,994.33,
8/6/2015,993.57,
9/6/2015,981.38,
10/6/2015,991.38,
11/6/2015,999.1,
12/6/2015,992.39,
15/6/2015,986.87,
16/6/2015,987.79,
17/6/2015,996.87,
18/6/2015,991.03,
19/6/2015,978.69,
22/6/2015,989.51,
23/6/2015,988.05,
24/6/2015,999.93,
25/6/2015,1000.75,
26/6/2015,999.11,
29/6/2015,995.93,
30/6/2015,989.21,
2/7/2015,980.19,
3/7/2015,979.1,
6/7/2015,968.48,
7/7/2015,975.23,
8/7/2015,964.62,
9/7/2015,967.42,
10/7/2015,977.57,
13/7/2015,980.28,
14/7/2015,977.29,
15/7/2015,976.71,
16/7/2015,974.29,
17/7/2015,972.51,
20/7/2015,964.19,
21/7/2015,952.25,
22/7/2015,953.4,
23/7/2015,948.67,
24/7/2015,943.07,
27/7/2015,926.1,
28/7/2015,926.83,
29/7/2015,933.59,
31/7/2015,950.42,
3/8/2015,949.76,
4/8/2015,941.36,
5/8/2015,943.86,
6/8/2015,937.69,
7/8/2015,935.41,
10/8/2015,928.25,
11/8/2015,918.65,
13/8/2015,918.71,
14/8/2015,924.79,
17/8/2015,919.88,
18/8/2015,894.25,
19/8/2015,896.73,
20/8/2015,889.57,
21/8/2015,885.8,
24/8/2015,840.84,
25/8/2015,861.52,
26/8/2015,857.24,
27/8/2015,886.24,
28/8/2015,893.77,
31/8/2015,905.68,
1/9/2015,888.92,
2/9/2015,897.69,
3/9/2015,903.56,
4/9/2015,892.34,
7/9/2015,891.87,
8/9/2015,897.65,
9/9/2015,909.87,
10/9/2015,908.29,
11/9/2015,897.13,
14/9/2015,894.25,
15/9/2015,889.97,
16/9/2015,898.3,
17/9/2015,904.51,
18/9/2015,903.24,
21/9/2015,905.38,
22/9/2015,894.23,
23/9/2015,888.9,
24/9/2015,887.9,
25/9/2015,890.47,
28/9/2015,872.24,
29/9/2015,868.04,
30/9/2015,868.71,
1/10/2015,867.23,
2/10/2015,868.39,
5/10/2015,881.81,
6/10/2015,888.08,
7/10/2015,908.45,
8/10/2015,907.17,
9/10/2015,921.2,
12/10/2015,920.43,
13/10/2015,916.17,
14/10/2015,909.47,
15/10/2015,923.53,
16/10/2015,919.63,
19/10/2015,916.82,
20/10/2015,915.72,
21/10/2015,914.31,
22/10/2015,914.68,
26/10/2015,921.25,
27/10/2015,921.45,
28/10/2015,910.86,
29/10/2015,897.73,
30/10/2015,899.52,
2/11/2015,915.6,
3/11/2015,913.52,
4/11/2015,921.61,
5/11/2015,913.3,
6/11/2015,914.02,
9/11/2015,903.93,
10/11/2015,898.99,
11/11/2015,893.76,
12/11/2015,889.79,
13/11/2015,888.1,
16/11/2015,892.91,
17/11/2015,892.68,
18/11/2015,882.73,
19/11/2015,888.57,
20/11/2015,895.84,
23/11/2015,895.29,
24/11/2015,888.18,
25/11/2015,886.19,
26/11/2015,874.82,
27/11/2015,872.72,
30/11/2015,869.38,
1/12/2015,870.09,
2/12/2015,857.35,
3/12/2015,861.42,
4/12/2015,855.76,
8/12/2015,837.43,
9/12/2015,830.85,
11/12/2015,818.69,
14/12/2015,810.64,
15/12/2015,833.49,
16/12/2015,832.29,
17/12/2015,836.95,
18/12/2015,816.37,
21/12/2015,801.81,
22/12/2015,802.23,
23/12/2015,810.78,
24/12/2015,816.42,
25/12/2015,815.07,
28/12/2015,815.37,
29/12/2015,811.78,
30/12/2015,813.55,
4/1/2016,794.95,
5/1/2016,785.72,
6/1/2016,790.02,
7/1/2016,761.75,
8/1/2016,777.88,
11/1/2016,769.81,
12/1/2016,786.13,
13/1/2016,803.9,
14/1/2016,789.91,
15/1/2016,773.46,
18/1/2016,771.71,
19/1/2016,790.51,
20/1/2016,775.54,
21/1/2016,775.07,
22/1/2016,793.57,
25/1/2016,794.17,
26/1/2016,794.42,
27/1/2016,802.65,
28/1/2016,813.29,
29/1/2016,826.21,
1/2/2016,821.82,
2/2/2016,810.85,
3/2/2016,816.62,
4/2/2016,821.3,
5/2/2016,828.28,
8/2/2016,825.48,
9/2/2016,821.52,
10/2/2016,822.04,
11/2/2016,804.55,
12/2/2016,804.38,
15/2/2016,812.74,
16/2/2016,814.1,
17/2/2016,814.71,
18/2/2016,822.03,
19/2/2016,844.43,
23/2/2016,848.5,
24/2/2016,851.36,
25/2/2016,851.17,
26/2/2016,859.51,
29/2/2016,851.02,
1/3/2016,865.4,
2/3/2016,879.95,
3/3/2016,890.96,
4/3/2016,889.89,
7/3/2016,905.47,
8/3/2016,887.92,
9/3/2016,900.49,
10/3/2016,887.86,
11/3/2016,899.73,
14/3/2016,899.54,
15/3/2016,889.12,
16/3/2016,883.15,
17/3/2016,886.31,
18/3/2016,888.84,
21/3/2016,898.86,
22/3/2016,902.1,
23/3/2016,913.76,
24/3/2016,907.57,
25/3/2016,897.5,
28/3/2016,893.29,
29/3/2016,895.07,
30/3/2016,908.79,
31/3/2016,905.93,
1/4/2016,899.39,
4/4/2016,897.12,
5/4/2016,874.04,
7/4/2016,860.01,
8/4/2016,870.6,
11/4/2016,868.59,
12/4/2016,880.09,
18/4/2016,890.08,
19/4/2016,904.35,
20/4/2016,902.84,
21/4/2016,909.05,
22/4/2016,898.04,
25/4/2016,895.77,
26/4/2016,903.05,
27/4/2016,897.16,
28/4/2016,887.53,
29/4/2016,891.83,
3/5/2016,886.63,
4/5/2016,882.15,
9/5/2016,886.96,
10/5/2016,882.86,
11/5/2016,874.54,
12/5/2016,890.37,
13/5/2016,885.9,
16/5/2016,889.02,
17/5/2016,899.47,
18/5/2016,894.93,
19/5/2016,883.91,
23/5/2016,881.8,
24/5/2016,882.25,
25/5/2016,891.68,
26/5/2016,893.78,
27/5/2016,903.13,
30/5/2016,911.91,
31/5/2016,911.11,
1/6/2016,903.25,
2/6/2016,907.14,
3/6/2016,916.77,
6/6/2016,920.9,
7/6/2016,921.02,
8/6/2016,923.13,
9/6/2016,914.25,
10/6/2016,909.42,
13/6/2016,902.39,
14/6/2016,906.77,
15/6/2016,911.4,
16/6/2016,893.11,
17/6/2016,900.11,
20/6/2016,901.08,
21/6/2016,907.65,
22/6/2016,902.26,
23/6/2016,913.35,
24/6/2016,892.63,
27/6/2016,897.24,
28/6/2016,904.85,
29/6/2016,908.89,
30/6/2016,910.56,
4/7/2016,918.54,
5/7/2016,913.48,
6/7/2016,913.75,
7/7/2016,915.44,
8/7/2016,915.88,
11/7/2016,926.08,
12/7/2016,931.03,
13/7/2016,934.38,
14/7/2016,942.75,
15/7/2016,942.95,
20/7/2016,958.84,
21/7/2016,953.96,
22/7/2016,958.98,
25/7/2016,959.62,
26/7/2016,952.66,
27/7/2016,960.17,
28/7/2016,967.14,
29/7/2016,964.44,
1/8/2016,956.31,
2/8/2016,945.53,
3/8/2016,953.09,
4/8/2016,953.56,
5/8/2016,962.62,
8/8/2016,983.07,
9/8/2016,986.05,
10/8/2016,986.58,
11/8/2016,990.71,
15/8/2016,989.06,
16/8/2016,981.84,
17/8/2016,976.9,
18/8/2016,987.73,
19/8/2016,981.26,
22/8/2016,982.53,
23/8/2016,981.17,
24/8/2016,986.2,
25/8/2016,983.53,
26/8/2016,987.29,
29/8/2016,982.53,
30/8/2016,983.07,
31/8/2016,983.26,
1/9/2016,978.17,
2/9/2016,964.44,
5/9/2016,949.11,
6/9/2016,950.22,
7/9/2016,943.39,
8/9/2016,927.82,
9/9/2016,921.48,
12/9/2016,899.38,
13/9/2016,925.46,
14/9/2016,930.95,
15/9/2016,932.21,
16/9/2016,943.94,
19/9/2016,951.81,
20/9/2016,938.8,
21/9/2016,948.33,
22/9/2016,961.13,
23/9/2016,951.73,
26/9/2016,948.87,
27/9/2016,947.58,
28/9/2016,941.3,
29/9/2016,949.91,
30/9/2016,944.42,
3/10/2016,950.24,
4/10/2016,963.83,
5/10/2016,962.77,
6/10/2016,963.65,
7/10/2016,957.23,
10/10/2016,927.87,
11/10/2016,917.14,
12/10/2016,896.3,
13/10/2016,906.77,
14/10/2016,943.85,
17/10/2016,939.76,
18/10/2016,937.67,
19/10/2016,940.21,
20/10/2016,944.52,
21/10/2016,947.01,
25/10/2016,949.16,
26/10/2016,938.42,
27/10/2016,941.27,
28/10/2016,938.72,
31/10/2016,936.66,
1/11/2016,942.56,
2/11/2016,937.75,
3/11/2016,932.36,
4/11/2016,926.47,
7/11/2016,938.33,
8/11/2016,945.39,
9/11/2016,944.07,
10/11/2016,946.79,
11/11/2016,933.81,
14/11/2016,914.45,
15/11/2016,920.17,
16/11/2016,917.28,
17/11/2016,918.03,
18/11/2016,917.2,
21/11/2016,919.41,
22/11/2016,925.45,
23/11/2016,933.2,
24/11/2016,928.03,
25/11/2016,935.46,
28/11/2016,934.78,
29/11/2016,932.48,
30/11/2016,943.18,
1/12/2016,947.32,
2/12/2016,940.21,
6/12/2016,950.09,
7/12/2016,951.71,
8/12/2016,953.68,
9/12/2016,954.37,
13/12/2016,956.86,
14/12/2016,950.09,
15/12/2016,946.98,
16/12/2016,946.62,
19/12/2016,948.14,
20/12/2016,944.18,
21/12/2016,940.3,
22/12/2016,938.6,
23/12/2016,940.98,
26/12/2016,945.45,
27/12/2016,945.88,
28/12/2016,951.39,
29/12/2016,961.96,
30/12/2016,964.84,
4/1/2017,980.93,
5/1/2017,985.53,
6/1/2017,983.91,
9/1/2017,978.56,
10/1/2017,983.72,
11/1/2017,981.9,
12/1/2017,979.29,
13/1/2017,983.23,
16/1/2017,979.74,
17/1/2017,976.82,
18/1/2017,972.59,
19/1/2017,969.19,
20/1/2017,972.72,
23/1/2017,976.04,
24/1/2017,984.23,
25/1/2017,990.51,
26/1/2017,998.44,
27/1/2017,996.1,
30/1/2017,994.76,
31/1/2017,984.21,
1/2/2017,984.71,
2/2/2017,982.41,
3/2/2017,990.97,
6/2/2017,996.4,
7/2/2017,991.3,
8/2/2017,996.23,
9/2/2017,990.33,
10/2/2017,992.36,
14/2/2017,981.66,
15/2/2017,984.6,
16/2/2017,987.04,
17/2/2017,988.95,
20/2/2017,989.74,
21/2/2017,981.03,
22/2/2017,987.05,
23/2/2017,982.64,
24/2/2017,981.51,
27/2/2017,976.06,
28/2/2017,978.46,
1/3/2017,985.94,
2/3/2017,985.93,
3/3/2017,983.41,
6/3/2017,975.54,
7/3/2017,974.53,
8/3/2017,980.14,
9/3/2017,977.5,
10/3/2017,972.88,
13/3/2017,975.37,
14/3/2017,977.25,
15/3/2017,975.71,
16/3/2017,986.7,
17/3/2017,988.44,
20/3/2017,989.53,
21/3/2017,993.96,
22/3/2017,992.07,
23/3/2017,993.25,
24/3/2017,998.25,
27/3/2017,995.43,
28/3/2017,1000.4,
29/3/2017,997.63,
30/3/2017,1001.52,
31/3/2017,996.44,
3/4/2017,999.39,
4/4/2017,1000.98,
5/4/2017,1000.13,
7/4/2017,1003.26,
10/4/2017,1002.5,
11/4/2017,1003.25,
12/4/2017,1009.23,
17/4/2017,999.77,
18/4/2017,997.68,
19/4/2017,992.89,
20/4/2017,993.86,
21/4/2017,995.83,
24/4/2017,992.51,
25/4/2017,993.39,
26/4/2017,996.93,
27/4/2017,995.19,
28/4/2017,993.98,
2/5/2017,992.82,
3/5/2017,993.57,
4/5/2017,999.01,
5/5/2017,997.24,
8/5/2017,996.56,
9/5/2017,993.46,
11/5/2017,989.38,
12/5/2017,983.37,
15/5/2017,980.75,
16/5/2017,984.66,
17/5/2017,983.98,
18/5/2017,980.83,
19/5/2017,982.25,
22/5/2017,987.38,
23/5/2017,990.69,
24/5/2017,991.62,
25/5/2017,992.43,
26/5/2017,991.97,
29/5/2017,991.87,
30/5/2017,991.49,
31/5/2017,986.08,
1/6/2017,987.79,
2/6/2017,990.22,
5/6/2017,988.36,
6/6/2017,990.04,
7/6/2017,987.95,
8/6/2017,990.74,
9/6/2017,987.52,
12/6/2017,984.87,
13/6/2017,991.24,
14/6/2017,993.15,
15/6/2017,989.58,
16/6/2017,992.1,
19/6/2017,995.9,
20/6/2017,994.52,
21/6/2017,992.7,
22/6/2017,994.96,
23/6/2017,996.26,
26/6/2017,997.44,
27/6/2017,999.6,
28/6/2017,997.33,
29/6/2017,995.1,
30/6/2017,994.35,
3/7/2017,999.16,
4/7/2017,995.39,
5/7/2017,996.08,
6/7/2017,993.69,
7/7/2017,992.88,
11/7/2017,991.95,
12/7/2017,996.09,
13/7/2017,999.35,
14/7/2017,999.3,
17/7/2017,996.76,
18/7/2017,996.25,
19/7/2017,1000.22,
20/7/2017,998.59,
21/7/2017,998.19,
24/7/2017,1000.91,
25/7/2017,1005.53,
26/7/2017,1007.28,
27/7/2017,1007.08,
31/7/2017,1003.96,
1/8/2017,1002.77,
2/8/2017,1004.88,
3/8/2017,1002.69,
4/8/2017,1002.19,
7/8/2017,999.79,
8/8/2017,1002.4,
9/8/2017,999.47,
10/8/2017,1000.34,
11/8/2017,995.06,
15/8/2017,999.16,
16/8/2017,998.51,
17/8/2017,997.78,
18/8/2017,996.7,
21/8/2017,999.27,
22/8/2017,1001.85,
23/8/2017,1001.51,
24/8/2017,1003.56,
25/8/2017,1003.17,
28/8/2017,1010.57,
29/8/2017,1034.76,
30/8/2017,1034.65,
31/8/2017,1034.29,
1/9/2017,1033.85,
4/9/2017,1033.9,
5/9/2017,1033.79,
6/9/2017,1033.92,
7/9/2017,1041.78,
8/9/2017,1046.26,
11/9/2017,1047.31,
12/9/2017,1050.24,
13/9/2017,1049.16,
14/9/2017,1062.29,
15/9/2017,1064.27,
18/9/2017,1074.16,
19/9/2017,1075.89,
20/9/2017,1072.61,
21/9/2017,1070.39,
22/9/2017,1061.16,
25/9/2017,1067.41,
26/9/2017,1069.07,
27/9/2017,1070.45,
28/9/2017,1066.16,
29/9/2017,1068.92,
2/10/2017,1081.51,
3/10/2017,1081.07,
4/10/2017,1077.26,
5/10/2017,1077.91,
6/10/2017,1081.63,
9/10/2017,1079.82,
10/10/2017,1092.02,
11/10/2017,1096.64,
12/10/2017,1094.33,
16/10/2017,1105.49,
17/10/2017,1104.72,
18/10/2017,1092.55,
19/10/2017,1074.37,
20/10/2017,1079.07,
24/10/2017,1082.98,
25/10/2017,1086.25,
27/10/2017,1090.66,
30/10/2017,1093.45,
31/10/2017,1094.74,
1/11/2017,1089.13,
2/11/2017,1079.45,
3/11/2017,1078.5,
6/11/2017,1086.33,
7/11/2017,1087.89,
8/11/2017,1089.02,
9/11/2017,1081.52,
10/11/2017,1072.97,
13/11/2017,1072.23,
14/11/2017,1083.79,
15/11/2017,1075.03,
16/11/2017,1076.63,
17/11/2017,1089.23,
20/11/2017,1090.86,
21/11/2017,1089.93,
22/11/2017,1092.94,
23/11/2017,1090.3,
24/11/2017,1083.7,
27/11/2017,1084.57,
28/11/2017,1091.06,
29/11/2017,1091.68,
30/11/2017,1085.86,
1/12/2017,1089.24,
4/12/2017,1090.4,
6/12/2017,1090.79,
7/12/2017,1098.08,
8/12/2017,1100.68,
12/12/2017,1101.36,
13/12/2017,1104.15,
14/12/2017,1111.49,
15/12/2017,1113.3,
18/12/2017,1117.82,
19/12/2017,1122.3,
20/12/2017,1126.23,
21/12/2017,1124.57,
22/12/2017,1128.48,
25/12/2017,1135.7,
26/12/2017,1136.2,
27/12/2017,1136.92,
28/12/2017,1129.3,
29/12/2017,1135.14,
3/1/2018,1156.28,
4/1/2018,1167.29,
5/1/2018,1167.18,
8/1/2018,1163.72,
9/1/2018,1165.86,
10/1/2018,1164.68,
11/1/2018,1170.56,
12/1/2018,1175.81,
15/1/2018,1188.44,
16/1/2018,1187.02,
17/1/2018,1189.89,
18/1/2018,1182.7,
19/1/2018,1183.6,
22/1/2018,1185.78,
23/1/2018,1192.74,
24/1/2018,1195.6,
25/1/2018,1181.56,
26/1/2018,1189.45,
29/1/2018,1195.46,
30/1/2018,1186.17,
31/1/2018,1186.16,
1/2/2018,1191.83,
2/2/2018,1188.12,
5/2/2018,1175.46,
6/2/2018,1161.67,
7/2/2018,1159.01,
8/2/2018,1156.96,
9/2/2018,1154.71,
12/2/2018,1163.81,
13/2/2018,1164.95,
14/2/2018,1160.09,
15/2/2018,1168.97,
16/2/2018,1171.83,
19/2/2018,1174.97,
20/2/2018,1169.1,
21/2/2018,1173.75,
22/2/2018,1171.45,
23/2/2018,1183.47,
26/2/2018,1206.31,
27/2/2018,1205.9,
28/2/2018,1205.57,
2/3/2018,1193.17,
5/3/2018,1189.54,
6/3/2018,1182.24,
7/3/2018,1170,
8/3/2018,1169.75,
9/3/2018,1172.17,
12/3/2018,1190.66,
13/3/2018,1195.91,
14/3/2018,1195.41,
15/3/2018,1195.26,
16/3/2018,1192.49,
19/3/2018,1184.63,
20/3/2018,1183.87,
21/3/2018,1183,
22/3/2018,1182.23,
23/3/2018,1181.86,
26/3/2018,1187.86,
27/3/2018,1188.1,
28/3/2018,1177.92,
29/3/2018,1164.1,
30/3/2018,1171.79,
2/4/2018,1175.24,
3/4/2018,1165.17,
4/4/2018,1136.72,
5/4/2018,1147.21,
9/4/2018,1159,
10/4/2018,1164.71,
11/4/2018,1164.07,
12/4/2018,1166.38,
17/4/2018,1157.32,
18/4/2018,1170.16,
19/4/2018,1188.65,
20/4/2018,1194.87,
23/4/2018,1185.35,
24/4/2018,1183.41,
25/4/2018,1176.61,
26/4/2018,1171.85,
27/4/2018,1177.59,
30/4/2018,1177.02,
2/5/2018,1186.26,
3/5/2018,1184.62,
4/5/2018,1175.71,
7/5/2018,1176.49,
8/5/2018,1161.46,
9/5/2018,1159.19,
10/5/2018,1153.5,
11/5/2018,1168.31,
14/5/2018,1172.57,
15/5/2018,1168.56,
16/5/2018,1156.63,
17/5/2018,1158.8,
18/5/2018,1161.26,
21/5/2018,1171.03,
22/5/2018,1165.04,
23/5/2018,1156.18,
24/5/2018,1139.91,
25/5/2018,1147.49,
28/5/2018,1140.74,
30/5/2018,1133.06,
31/5/2018,1134.76,
1/6/2018,1129.66,
4/6/2018,1131.82,
5/6/2018,1141.39,
6/6/2018,1145.95,
7/6/2018,1141.12,
8/6/2018,1130.91,
11/6/2018,1131.83,
12/6/2018,1135.11,
13/6/2018,1128.55,
14/6/2018,1121.7,
15/6/2018,1117.85,
18/6/2018,1100.25,
19/6/2018,1071.96,
20/6/2018,1090.62,
21/6/2018,1068.68,
22/6/2018,1071.18,
25/6/2018,1061.68,
26/6/2018,1065.2,
27/6/2018,1060.58,
28/6/2018,1050.6,
29/6/2018,1051.63,
2/7/2018,1058.12,
3/7/2018,1069.77,
4/7/2018,1073.2,
5/7/2018,1054.84,
6/7/2018,1063.71,
9/7/2018,1069.83,
10/7/2018,1085.36,
11/7/2018,1078.82,
12/7/2018,1079.87,
13/7/2018,1080.05,
16/7/2018,1069.04,
17/7/2018,1068.09,
18/7/2018,1077.22,
19/7/2018,1084.85,
20/7/2018,1103.32,
23/7/2018,1107.43,
24/7/2018,1105.93,
25/7/2018,1117.74,
26/7/2018,1126.25,
31/7/2018,1127.56,
1/8/2018,1143.46,
2/8/2018,1132.47,
3/8/2018,1133.78,
6/8/2018,1122.94,
7/8/2018,1131.25,
8/8/2018,1141.69,
9/8/2018,1141.63,
10/8/2018,1128.62,
14/8/2018,1122.32,
15/8/2018,1107.78,
16/8/2018,1110.87,
17/8/2018,1116.46,
20/8/2018,1125.61,
21/8/2018,1120.66,
22/8/2018,1124.34,
23/8/2018,1129.73,
24/8/2018,1128.03,
27/8/2018,1137.79,
28/8/2018,1139.3,
29/8/2018,1142.3,
30/8/2018,1138.12,
31/8/2018,1138.8,
3/9/2018,1137.68,
4/9/2018,1131.26,
5/9/2018,1111.3,
6/9/2018,1116.61,
7/9/2018,1112.49,
10/9/2018,1113.47,
11/9/2018,1096.63,
12/9/2018,1102.07,
13/9/2018,1133.44,
14/9/2018,1135.98,
17/9/2018,1131.92,
18/9/2018,1151.59,
19/9/2018,1155.35,
20/9/2018,1157.31,
21/9/2018,1159.54,
24/9/2018,1154.6,
25/9/2018,1156.18,
26/9/2018,1155.61,
27/9/2018,1158.54,
28/9/2018,1158.75,
1/10/2018,1161.24,
2/10/2018,1150.93,
3/10/2018,1147.75,
4/10/2018,1138.05,
5/10/2018,1131.13,
8/10/2018,1115.02,
9/10/2018,1116.48,
10/10/2018,1134.73,
11/10/2018,1105.61,
12/10/2018,1114.62,
16/10/2018,1115.21,
17/10/2018,1113.98,
18/10/2018,1105.93,
19/10/2018,1096.19,
22/10/2018,1093.15,
24/10/2018,1067.15,
25/10/2018,1083.5,
26/10/2018,1070.25,
29/10/2018,1077.41,
30/10/2018,1078.15,
31/10/2018,1102.49,
1/11/2018,1099.63,
2/11/2018,1109.7,
5/11/2018,1102.09,
6/11/2018,1101.89,
7/11/2018,1108.12,
8/11/2018,1112.57,
9/11/2018,1102.77,
12/11/2018,1094.78,
13/11/2018,1099.57,
14/11/2018,1094.08,
15/11/2018,1086.32,
16/11/2018,1084.54,
19/11/2018,1087.15,
20/11/2018,1071.83,
21/11/2018,1074.39,
22/11/2018,1065.48,
23/11/2018,1077.93,
26/11/2018,1084.72,
27/11/2018,1086.51,
28/11/2018,1090.57,
29/11/2018,1087.85,
30/11/2018,1091.55,
3/12/2018,1117.86,
4/12/2018,1118.59,
6/12/2018,1103.85,
7/12/2018,1099.57,
11/12/2018,1086.83,
12/12/2018,1089.2,
13/12/2018,1074.2,
14/12/2018,1071.65,
17/12/2018,1068.52,
18/12/2018,1055.76,
19/12/2018,1068.47,
20/12/2018,1066.22,
21/12/2018,1067.01,
24/12/2018,1064.26,
25/12/2018,1040.06,
26/12/2018,1040.71,
27/12/2018,1033.81,
28/12/2018,1044.92,
2/1/2019,1046.71,
3/1/2019,1041.49,
4/1/2019,1054.29,
7/1/2019,1066.99,
8/1/2019,1067.2,
9/1/2019,1064.82,
10/1/2019,1063.19,
11/1/2019,1069.42,
14/1/2019,1058.27,
15/1/2019,1054.01,
16/1/2019,1055.89,
17/1/2019,1057.92,
18/1/2019,1060.95,
21/1/2019,1064.57,
22/1/2019,1073.73,
23/1/2019,1082.61,
24/1/2019,1083.97,
25/1/2019,1086.11,
28/1/2019,1086.46,
29/1/2019,1086.3,
30/1/2019,1091.05,
31/1/2019,1096.5,
1/2/2019,1102.22,
4/2/2019,1102.57,
5/2/2019,1102.66,
6/2/2019,1105.74,
7/2/2019,1102.3,
8/2/2019,1101.55,
11/2/2019,1091.82,
12/2/2019,1093.16,
13/2/2019,1103.01,
14/2/2019,1100.41,
15/2/2019,1089.39,
18/2/2019,1088.97,
20/2/2019,1095.88,
21/2/2019,1096.79,
22/2/2019,1105.88,
25/2/2019,1114.72,
26/2/2019,1108.46,
27/2/2019,1109.88,
28/2/2019,1099.3,
1/3/2019,1091.76,
4/3/2019,1087.22,
5/3/2019,1089.38,
6/3/2019,1078.65,
7/3/2019,1084.58,
8/3/2019,1082.08,
11/3/2019,1079.36,
12/3/2019,1079.46,
13/3/2019,1089.1,
14/3/2019,1087.12,
15/3/2019,1080.01,
18/3/2019,1074.63,
19/3/2019,1084.3,
20/3/2019,1081.97,
21/3/2019,1087.41,
22/3/2019,1098.85,
25/3/2019,1083.05,
26/3/2019,1088.47,
27/3/2019,1085.46,
28/3/2019,1088.36,
29/3/2019,1090.94,
1/4/2019,1095.08,
2/4/2019,1100.22,
3/4/2019,1098.51,
4/4/2019,1094.76,
5/4/2019,1096.13,
9/4/2019,1105.37,
10/4/2019,1108.81,
11/4/2019,1105.48,
12/4/2019,1105.42,
17/4/2019,1112.52,
18/4/2019,1114.04,
19/4/2019,1113.14,
22/4/2019,1113.03,
23/4/2019,1111.33,
24/4/2019,1113.76,
25/4/2019,1112.93,
26/4/2019,1107.88,
29/4/2019,1106.62,
30/4/2019,1112.39,
2/5/2019,1116.3,
3/5/2019,1116.18,
7/5/2019,1108.83,
8/5/2019,1098.65,
9/5/2019,1092.97,
10/5/2019,1095.38,
13/5/2019,1090.33,
14/5/2019,1086.59,
15/5/2019,1078.6,
16/5/2019,1073.25,
17/5/2019,1068.45,
21/5/2019,1071.6,
22/5/2019,1083.04,
23/5/2019,1070.49,
24/5/2019,1072.13,
27/5/2019,1078.98,
28/5/2019,1084.58,
29/5/2019,1074.89,
30/5/2019,1076.85,
31/5/2019,1074.87,
4/6/2019,1088.03,
5/6/2019,1095.47,
6/6/2019,1097.14,
7/6/2019,1095.52,
10/6/2019,1103.29,
11/6/2019,1108.53,
12/6/2019,1108.2,
13/6/2019,1109.23,
14/6/2019,1107.36,
17/6/2019,1103.64,
18/6/2019,1117.49,
19/6/2019,1135.23,
20/6/2019,1144.64,
21/6/2019,1142.46,
24/6/2019,1141.98,
25/6/2019,1145.73,
26/6/2019,1145.17,
27/6/2019,1152.36,
28/6/2019,1150.85,
1/7/2019,1159.79,
2/7/2019,1152.63,
3/7/2019,1154.77,
4/7/2019,1144.08,
5/7/2019,1148.28,
8/7/2019,1145.56,
9/7/2019,1136.68,
10/7/2019,1151.09,
11/7/2019,1150.2,
12/7/2019,1143.08,
15/7/2019,1142.6,
17/7/2019,1138.76,
18/7/2019,1140.37,
19/7/2019,1147.9,
22/7/2019,1140.67,
23/7/2019,1139.56,
24/7/2019,1138.31,
25/7/2019,1141.45,
26/7/2019,1131.41,
30/7/2019,1126.43,
31/7/2019,1130.92,
1/8/2019,1124.54,
2/8/2019,1113.17,
5/8/2019,1098.46,
6/8/2019,1102.31,
7/8/2019,1100.8,
8/8/2019,1096.27,
9/8/2019,1087.14,
13/8/2019,1065.58,
14/8/2019,1065.92,
15/8/2019,1056.32,
16/8/2019,1075.84,
19/8/2019,1079.75,
20/8/2019,1070.23,
21/8/2019,1080.46,
22/8/2019,1077.88,
23/8/2019,1088.69,
26/8/2019,1071.74,
27/8/2019,1065.29,
28/8/2019,1066.21,
29/8/2019,1083.32,
30/8/2019,1096.47,
2/9/2019,1095.04,
3/9/2019,1085.8,
4/9/2019,1099.93,
5/9/2019,1108.91,
6/9/2019,1109.2,
9/9/2019,1110.57,
10/9/2019,1107.41,
11/9/2019,1115.39,
12/9/2019,1103.91,
13/9/2019,1103.67,
16/9/2019,1106.03,
17/9/2019,1107.82,
18/9/2019,1100.54,
19/9/2019,1090.34,
20/9/2019,1089.04,
23/9/2019,1078.65,
24/9/2019,1084.56,
25/9/2019,1081.53,
26/9/2019,1088.5,
27/9/2019,1094.73,
30/9/2019,1090.31,
1/10/2019,1080.07,
2/10/2019,1072.27,
3/10/2019,1070.62,
4/10/2019,1067.75,
7/10/2019,1074,
8/10/2019,1071.95,
9/10/2019,1076.56,
10/10/2019,1067.54,
11/10/2019,1083.77,
15/10/2019,1085.38,
16/10/2019,1091.29,
17/10/2019,1090.67,
18/10/2019,1089.28,
21/10/2019,1081.38,
22/10/2019,1089.35,
24/10/2019,1083.43,
25/10/2019,1066.34,
28/10/2019,1070.68,
29/10/2019,1066.48,
30/10/2019,1075.91,
31/10/2019,1073.26,
1/11/2019,1068.71,
4/11/2019,1092.58,
5/11/2019,1096.79,
6/11/2019,1093.5,
7/11/2019,1106.15,
8/11/2019,1103.55,
11/11/2019,1092.69,
12/11/2019,1095.68,
13/11/2019,1088.37,
14/11/2019,1085.44,
15/11/2019,1081.78,
18/11/2019,1085.81,
19/11/2019,1084.27,
20/11/2019,1075.77,
21/11/2019,1073.1,
22/11/2019,1077.51,
25/11/2019,1089.67,
26/11/2019,1083.7,
27/11/2019,1084.13,
28/11/2019,1077.3,
29/11/2019,1070.23,
2/12/2019,1054.88,
3/12/2019,1054.28,
4/12/2019,1053.4,
6/12/2019,1048.76,
9/12/2019,1047.02,
11/12/2019,1048.85,
12/12/2019,1057.87,
13/12/2019,1066.63,
16/12/2019,1048.08,
17/12/2019,1049.84,
18/12/2019,1062.62,
19/12/2019,1068.39,
20/12/2019,1067.62,
23/12/2019,1069.53,
24/12/2019,1065.23,
25/12/2019,1067.99,
26/12/2019,1070.74,
27/12/2019,1068.72,
30/12/2019,1068.5,
2/1/2020,1081,
3/1/2020,1079.5,
6/1/2020,1063.83,
7/1/2020,1075.07,
8/1/2020,1057.19,
9/1/2020,1071.15,
10/1/2020,1071.03,
13/1/2020,1074.25,
14/1/2020,1074.04,
15/1/2020,1067.66,
16/1/2020,1078.87,
17/1/2020,1081.22,
20/1/2020,1071.8,
21/1/2020,1062.26,
22/1/2020,1063.33,
23/1/2020,1062.84,
24/1/2020,1059.82,
27/1/2020,1024.53,
28/1/2020,1016.9,
29/1/2020,1026.58,
30/1/2020,1024.76,
31/1/2020,1018.08,
3/2/2020,1005.79,
4/2/2020,1023.89,
5/2/2020,1032.89,
6/2/2020,1032.07,
7/2/2020,1030.9,
11/2/2020,1021.95,
12/2/2020,1034.01,
13/2/2020,1026.68,
14/2/2020,1022.02,
17/2/2020,1025.18,
18/2/2020,1015.09,
19/2/2020,1011.38,
20/2/2020,999.99,
21/2/2020,1003.51,
24/2/2020,962.25,
25/2/2020,967.92,
26/2/2020,917.49,
27/2/2020,938.77,
28/2/2020,897.84,
2/3/2020,897.96,
3/3/2020,928.25,
4/3/2020,928.25,
5/3/2020,934.94,
6/3/2020,914.22,
9/3/2020,827.85,
10/3/2020,839.52,
11/3/2020,822.99,
12/3/2020,726.73,
13/3/2020,749.01,
16/3/2020,689.47,
17/3/2020,683.16,
18/3/2020,693.14,
19/3/2020,691.99,
20/3/2020,756.11,
23/3/2020,680.07,
24/3/2020,691.15,
25/3/2020,728.53,
26/3/2020,737.58,
27/3/2020,740.05,
30/3/2020,729.91,
31/3/2020,756.91,
1/4/2020,740.46,
2/4/2020,767.79,
3/4/2020,766.67,
7/4/2020,825.42,
8/4/2020,815.05,
9/4/2020,816.47,
10/4/2020,829,
13/4/2020,833.16,
14/4/2020,845.32,
15/4/2020,828.38,
16/4/2020,801.61,
17/4/2020,833.49,
20/4/2020,855.45,
21/4/2020,842.65,
22/4/2020,848.81,
23/4/2020,854.09,
24/4/2020,842.03,
27/4/2020,848.4,
28/4/2020,854.34,
29/4/2020,857.63,
30/4/2020,873.56,
5/5/2020,856.57,
7/5/2020,842.56,
8/5/2020,848.27,
11/5/2020,864.32,
12/5/2020,872.6,
13/5/2020,867.36,
14/5/2020,856.11,
15/5/2020,854.57,
18/5/2020,858.94,
19/5/2020,875.44,
20/5/2020,883.08,
21/5/2020,881.97,
22/5/2020,867.81,
25/5/2020,878.06,
26/5/2020,888.53,
27/5/2020,895.13,
28/5/2020,888.84,
29/5/2020,896.01,
1/6/2020,901.45,
2/6/2020,919.05,
4/6/2020,946.71,
5/6/2020,965.37,
8/6/2020,965.12,
9/6/2020,941.69,
10/6/2020,950.03,
11/6/2020,932.34,
12/6/2020,920.52,
15/6/2020,889.98,
16/6/2020,909.52,
17/6/2020,914.49,
18/6/2020,910.63,
19/6/2020,907.67,
22/6/2020,893.92,
23/6/2020,897.32,
24/6/2020,880.2,
25/6/2020,874.96,
26/6/2020,878.61,
29/6/2020,878.64,
30/6/2020,885.15,
1/7/2020,892.3,
2/7/2020,912.22,
3/7/2020,908.49,
7/7/2020,907.9,
8/7/2020,898.45,
9/7/2020,899.93,
10/7/2020,885.71,
13/7/2020,878.65,
14/7/2020,879.13,
15/7/2020,888.98,
16/7/2020,883.16,
17/7/2020,892.09,
20/7/2020,890.04,
21/7/2020,904.21,
22/7/2020,889.48,
23/7/2020,890.7,
24/7/2020,875.5,
29/7/2020,871.41,
30/7/2020,854.12,
31/7/2020,862.98,
3/8/2020,852.67,
4/8/2020,860.32,
5/8/2020,865.49,
6/8/2020,864.05,
7/8/2020,856.88,
10/8/2020,853.92,
11/8/2020,866.77,
13/8/2020,878.7,
14/8/2020,863.69,
17/8/2020,861.25,
18/8/2020,867.86,
19/8/2020,850.57,
20/8/2020,840.28,
21/8/2020,840.07,
24/8/2020,852.29,
25/8/2020,853.89,
26/8/2020,856.64,
27/8/2020,858.66,
28/8/2020,855.29,
31/8/2020,844.22,
1/9/2020,841.66,
2/9/2020,847.56,
3/9/2020,844.6,
8/9/2020,832.91,
9/9/2020,831.54,
10/9/2020,830.25,
11/9/2020,823.64,
14/9/2020,818.43,
15/9/2020,827.38,
16/9/2020,832.88,
17/9/2020,825.66,
18/9/2020,826.83,
21/9/2020,815.81,
22/9/2020,808.83,
23/9/2020,802.3,
24/9/2020,787.21,
25/9/2020,786.03,
28/9/2020,802.03,
29/9/2020,796.43,
30/9/2020,781.06,
1/10/2020,788.02,
2/10/2020,777.31,
5/10/2020,781.81,
6/10/2020,787.62,
7/10/2020,797.43,
8/10/2020,804.96,
9/10/2020,800.79,
12/10/2020,804.59,
14/10/2020,794.81,
15/10/2020,782.02,
16/10/2020,776.5,
19/10/2020,760.94,
20/10/2020,760.71,
21/10/2020,765.1,
22/10/2020,762.68,
26/10/2020,757.85,
27/10/2020,758.72,
28/10/2020,756.02,
29/10/2020,751.14,
30/10/2020,746.26,
2/11/2020,750.87,
3/11/2020,766,
4/11/2020,765.09,
5/11/2020,799.58,
6/11/2020,798.05,
9/11/2020,819.07,
10/11/2020,875.64,
11/11/2020,878.09,
12/11/2020,868.27,
13/11/2020,875.4,
16/11/2020,878.24,
17/11/2020,876.66,
18/11/2020,888.51,
19/11/2020,889.7,
20/11/2020,904.47,
23/11/2020,927.63,
24/11/2020,912.85,
25/11/2020,924.42,
26/11/2020,933.6,
27/11/2020,933.14,
30/11/2020,908.61,
1/12/2020,919.58,
2/12/2020,917.49,
3/12/2020,931.1,
4/12/2020,940.17,
8/12/2020,955.75,
9/12/2020,958.49,
14/12/2020,947.82,
15/12/2020,949.28,
16/12/2020,950.9,
17/12/2020,948.99,
18/12/2020,947.28,
21/12/2020,892,
22/12/2020,906,
23/12/2020,893.9,
24/12/2020,910.01,
25/12/2020,918.35,
28/12/2020,905.64,
29/12/2020,924,
30/12/2020,910.45,
4/1/2021,924.36,9247.4
5/1/2021,953.99,9543.82
6/1/2021,940.41,9407.92
7/1/2021,955.39,9557.78
8/1/2021,977.59,9779.92
11/1/2021,974.91,9753.08
12/1/2021,975.51,9759.12
13/1/2021,980.75,9811.48
14/1/2021,971.35,9717.43
15/1/2021,957.86,9582.5
18/1/2021,949.64,9500.24
19/1/2021,958.16,9585.53
20/1/2021,952.86,9532.47
21/1/2021,951.58,9519.71
22/1/2021,939.73,9401.17
25/1/2021,942,9423.88
26/1/2021,951.02,9514.12
27/1/2021,936.76,9371.39
28/1/2021,916.91,9172.87
29/1/2021,916.66,9172.01
1/2/2021,922.89,9234.33
2/2/2021,928.07,9286.15
3/2/2021,923.94,9244.77
4/2/2021,923.52,9240.66
5/2/2021,933.55,9340.95
8/2/2021,948.24,9487.92
9/2/2021,949.46,9500.21
10/2/2021,950.28,9508.34
11/2/2021,942.63,9435.98
15/2/2021,949.89,9508.69
16/2/2021,950,9509.77
17/2/2021,942.16,9431.33
18/2/2021,938.08,9390.41
19/2/2021,930.51,9323.49
22/2/2021,916.29,9184.55
23/2/2021,933.34,9355.41
24/2/2021,926.74,9289.89
25/2/2021,929.95,9327.01
1/3/2021,932.94,9365.87
2/3/2021,933.35,9371.44
3/3/2021,964.34,9684.88
4/3/2021,953.61,9601.91
5/3/2021,958.33,9654.34
8/3/2021,958.16,9654.16
9/3/2021,961.27,9685.48
10/3/2021,975.73,9841.04
11/3/2021,978.7,9871.63
12/3/2021,973.16,9818.57
15/3/2021,968.34,9769.97
16/3/2021,965.26,9739.82
17/3/2021,967.45,9761.9
18/3/2021,966.15,9748.78
19/3/2021,959.41,9680.82
22/3/2021,959.48,9681.5
23/3/2021,957.73,9663.88
24/3/2021,961.59,9702.79
25/3/2021,961.75,9704.37
26/3/2021,963.66,9723.68
29/3/2021,967.69,9764.41
30/3/2021,972.7,9814.94
31/3/2021,971.24,9800.17
1/4/2021,975.66,9844.74
2/4/2021,976.13,9849.49
5/4/2021,964.71,9734.29
7/4/2021,950.22,9589.65
8/4/2021,950.04,9596.09
9/4/2021,955.9,9655.36
12/4/2021,941.08,9505.59
16/4/2021,946.5,9560.39
19/4/2021,960.33,9701.9
20/4/2021,963.94,9749.6
21/4/2021,961.89,9735.87
22/4/2021,952.58,9643.75
23/4/2021,942.63,9543.05
26/4/2021,943.92,9556.11
27/4/2021,943.34,9550.24
28/4/2021,954.24,9664.71
29/4/2021,964.55,9778.2
30/4/2021,955.97,9691.16
5/5/2021,929.63,9434.87
6/5/2021,945.55,9601.51
7/5/2021,955.8,9706.79
10/5/2021,959.45,9743.85
11/5/2021,956.97,9718.7
12/5/2021,952.55,9673.83
13/5/2021,938.33,9529.38
14/5/2021,938.68,9532.92
17/5/2021,938.99,9540.23
18/5/2021,948.87,9640.64
19/5/2021,943.47,9585.71
20/5/2021,938.31,9533.31
21/5/2021,937.53,9525.37
24/5/2021,934.83,9498
25/5/2021,948.06,9632.36
27/5/2021,957.1,9725.4
28/5/2021,956.19,9716.16
31/5/2021,962.58,9781.07
1/6/2021,981.19,9970.2
2/6/2021,978.28,9940.59
4/6/2021,972.32,9880.05
7/6/2021,972.97,9886.6
8/6/2021,973.13,9888.29
9/6/2021,982.05,9978.92
10/6/2021,981.6,9974.34
11/6/2021,990.78,10067.65
14/6/2021,988.38,10043.27
15/6/2021,979.39,9951.89
16/6/2021,980.13,9959.36
17/6/2021,973.93,9896.39
18/6/2021,971.19,9868.54
21/6/2021,962.99,9785.2
22/6/2021,961.99,9775.12
23/6/2021,959,9744.66
24/6/2021,956.14,9715.59
25/6/2021,954.78,9701.82
28/6/2021,950.26,9655.86
29/6/2021,957.39,9728.32
30/6/2021,953.72,9691.09
1/7/2021,957.36,9728.01
2/7/2021,949.27,9645.86
5/7/2021,950.33,9656.55
6/7/2021,956.78,9722.15
7/7/2021,948.23,9635.25
8/7/2021,929.76,9447.62
9/7/2021,934.18,9492.52
12/7/2021,932.24,9472.74
13/7/2021,944.31,9595.46
14/7/2021,940.68,9558.53
15/7/2021,942.55,9577.56
16/7/2021,942.35,9575.56
19/7/2021,930.44,9454.5
20/7/2021,920.4,9352.42
21/7/2021,922.25,9371.27
22/7/2021,929.3,9442.91
23/7/2021,923.24,9383.01
27/7/2021,917.72,9326.99
29/7/2021,919.34,9343.41
30/7/2021,910.61,9256.76
2/8/2021,914.26,9293.78
3/8/2021,922.36,9376.13
4/8/2021,925.63,9409.41
5/8/2021,911.53,9266.04
6/8/2021,908.5,9235.23
9/8/2021,921.51,9368.39
10/8/2021,922.27,9376.07
11/8/2021,917.24,9331.43
13/8/2021,917.54,9342.81
16/8/2021,922.42,9400.91
17/8/2021,929.61,9477.43
18/8/2021,933.97,9521.85
19/8/2021,927.09,9451.74
20/8/2021,932.27,9504.56
23/8/2021,954.17,9734.59
24/8/2021,956.78,9765.3
25/8/2021,965.45,9853.78
26/8/2021,964.79,9848.13
27/8/2021,972.16,9926.63
30/8/2021,987.31,10084.08
31/8/2021,992.13,10133.31
1/9/2021,988.2,10093.2
2/9/2021,998.81,10201.55
3/9/2021,1000.64,10227.61
6/9/2021,997.45,10199.04
7/9/2021,991.33,10139.12
8/9/2021,992.35,10155.93
9/9/2021,981.86,10049.61
10/9/2021,985.29,10084.73
13/9/2021,981.52,10046.13
14/9/2021,974.58,9975.03
15/9/2021,975.79,9988.81
16/9/2021,978.53,10016.84
17/9/2021,974.71,9977.75
20/9/2021,960.58,9833.01
21/9/2021,967.39,9902.73
22/9/2021,969.44,9923.73
23/9/2021,981.73,10049.57
27/9/2021,976.02,9991.09
28/9/2021,972.95,9959.65
29/9/2021,971.85,9976.63
30/9/2021,964.35,9899.57
1/10/2021,964.99,9906.14
4/10/2021,971.22,9970.12
5/10/2021,978.86,10048.58
6/10/2021,973.25,9991
7/10/2021,982.1,10081.88
8/10/2021,985.71,10118.89
11/10/2021,982.45,10085.47
12/10/2021,989.66,10162.76
14/10/2021,987.28,10138.29
15/10/2021,987.44,10139.9
18/10/2021,991.07,10177.22
19/10/2021,982.02,10084.32
20/10/2021,985.86,10123.75
21/10/2021,988.81,10154.02
25/10/2021,982.81,10092.37
26/10/2021,984.04,10104.99
27/10/2021,977.32,10035.97
28/10/2021,976.67,10029.35
29/10/2021,974.67,10008.76
1/11/2021,970.42,9965.12
2/11/2021,975.13,10013.51
3/11/2021,972.64,9987.91
4/11/2021,980.11,10064.63
5/11/2021,980.03,10063.87
8/11/2021,980.22,10065.78
9/11/2021,980.53,10068.93
10/11/2021,979.27,10056.07
11/11/2021,979.88,10062.3
12/11/2021,979.59,10059.27
15/11/2021,984.06,10105.26
16/11/2021,986.51,10130.42
17/11/2021,986.52,10130.46
18/11/2021,989.18,10157.79
19/11/2021,984.39,10113.14
22/11/2021,989.18,10162.38
23/11/2021,987.26,10142.65
24/11/2021,989.19,10162.47
25/11/2021,987.6,10147.28
26/11/2021,961.93,9883.48
29/11/2021,948.28,9743.24
30/11/2021,935.08,9607.62
1/12/2021,947.82,9738.52
2/12/2021,947.84,9738.8
3/12/2021,943.76,9696.88
7/12/2021,957.96,9842.75
8/12/2021,964.44,9909.29
9/12/2021,962.24,9886.71
13/12/2021,966.81,9933.7
14/12/2021,971.13,9978.04
15/12/2021,964.12,9905.99
16/12/2021,980.51,10074.45
17/12/2021,977.86,10047.21
20/12/2021,959.26,9856.08
21/12/2021,962.82,9892.68
22/12/2021,965.38,9918.92
23/12/2021,975.92,10027.26
24/12/2021,975.13,10019.15
27/12/2021,975.51,10023.02
28/12/2021,982.48,10094.64
29/12/2021,989.3,10164.77
30/12/2021,990.75,10179.61
4/1/2022,999.46,10269.14
5/1/2022,1002.61,10301.46
6/1/2022,983.71,10107.35
7/1/2022,985.96,10130.44
10/1/2022,985.79,10128.68
11/1/2022,991.82,10190.65
12/1/2022,998.37,10257.98
13/1/2022,996.96,10243.45
14/1/2022,993.89,10211.88
17/1/2022,996.67,10240.48
18/1/2022,987.6,10147.26
19/1/2022,989.16,10163.34
20/1/2022,990.44,10176.5
21/1/2022,987.06,10141.69
24/1/2022,985.15,10122.09
25/1/2022,985.44,10125.1
26/1/2022,992.13,10193.84
27/1/2022,988.36,10155.07
28/1/2022,990.46,10176.61
31/1/2022,993.29,10205.73
1/2/2022,998.15,10255.66
2/2/2022,999.78,10272.47
3/2/2022,1000.18,10276.57
4/2/2022,1003.29,10308.44
7/2/2022,1006.16,10339.66
8/2/2022,1011.5,10394.55
9/2/2022,1029.8,10582.58
10/2/2022,1029.88,10593.52
11/2/2022,1028.14,10577.79
14/2/2022,1021.09,10512.87
15/2/2022,1029.7,10601.55
17/2/2022,1035.94,10665.77
18/2/2022,1035.89,10675.98
21/2/2022,1019.7,10509.16
22/2/2022,1016.55,10479.11
23/2/2022,1021.68,10536.37
24/2/2022,1004.86,10365.38
25/2/2022,1012.52,10445.39
28/2/2022,1016.58,10495.92
1/3/2022,1021.67,10548.47
2/3/2022,1023.36,10565.96
3/3/2022,1026.15,10617.8
4/3/2022,1009.68,10454.91
7/3/2022,983.58,10184.73
8/3/2022,982.97,10179.44
9/3/2022,994.96,10308.3
10/3/2022,998.41,10344.1
11/3/2022,1005.31,10421.52
14/3/2022,1008.36,10454.65
15/3/2022,998.72,10354.74
16/3/2022,1011.95,10491.82
17/3/2022,1019.17,10568.4
18/3/2022,1015.02,10525.33
21/3/2022,1010.88,10483.41
22/3/2022,1012.53,10500.6
23/3/2022,1008.61,10459.88
24/3/2022,1012.34,10498.63
25/3/2022,1008.81,10461.96
28/3/2022,1012.43,10499.51
29/3/2022,1016.8,10544.8
30/3/2022,1022.83,10607.36
31/3/2022,1019.67,10574.62
1/4/2022,1023.66,10615.94
4/4/2022,1022.81,10607.22
5/4/2022,1021.32,10593.22
7/4/2022,1006.38,10448.61
8/4/2022,1006.33,10449.45
11/4/2022,1002.47,10409.38
12/4/2022,996.54,10347.86
18/4/2022,991.8,10306.41
19/4/2022,991.59,10305.9
20/4/2022,993.94,10337.55
21/4/2022,998.37,10390.97
22/4/2022,995.8,10364.22
25/4/2022,983.07,10231.67
26/4/2022,981.16,10211.84
27/4/2022,978.76,10186.9
28/4/2022,983.54,10242.72
29/4/2022,983.56,10247.77
3/5/2022,979.01,10202.45
5/5/2022,976.98,10187.37
6/5/2022,966.79,10082.32
9/5/2022,954.33,9953.93
10/5/2022,965.49,10070.3
11/5/2022,961.66,10030.36
12/5/2022,950.31,9912
13/5/2022,953.06,9940.62
17/5/2022,970.51,10122.69
18/5/2022,977.01,10190.46
19/5/2022,966.84,10084.35
20/5/2022,977.36,10194.1
23/5/2022,986.94,10294.01
24/5/2022,979.56,10217.02
25/5/2022,977.46,10195.12
26/5/2022,983.09,10253.86
27/5/2022,987.08,10295.46
30/5/2022,995.88,10387.25
31/5/2022,1002.24,10455.47
1/6/2022,1002.24,10455.53
2/6/2022,995.9,10389.38
6/6/2022,995.24,10382.53
7/6/2022,986.07,10286.83
8/6/2022,988.66,10313.88
9/6/2022,993.15,10360.71
10/6/2022,987.61,10302.85
13/6/2022,968.75,10106.09
14/6/2022,970.69,10126.37
15/6/2022,965.91,10076.54
16/6/2022,944.9,9857.38
17/6/2022,945.05,9858.89
20/6/2022,946.34,9872.34
21/6/2022,954.71,9959.69
22/6/2022,945.8,9866.73
23/6/2022,943.42,9841.91
24/6/2022,950.36,9914.25
27/6/2022,958.71,10001.39
28/6/2022,968.73,10105.88
29/6/2022,963.08,10047.01
30/6/2022,951.07,9921.71
1/7/2022,955.99,9973.03
4/7/2022,950.85,9919.45
5/7/2022,943.49,9842.6
6/7/2022,944.15,9849.48
7/7/2022,954.85,9961.14
8/7/2022,954.36,9956.05
11/7/2022,955.75,9970.48
12/7/2022,948.5,9894.87
14/7/2022,942.57,9833.03
15/7/2022,940.9,9815.62
18/7/2022,947.96,9889.25
19/7/2022,940.27,9808.98
20/7/2022,941.96,9826.62
21/7/2022,944.99,9858.23
22/7/2022,950.2,9912.64
25/7/2022,953.07,9942.55
26/7/2022,950.42,9914.92
27/7/2022,958.73,10003.27
1/8/2022,965.53,10074.24
2/8/2022,965.65,10075.56
3/8/2022,967.19,10093.35
4/8/2022,967.29,10094.43
5/8/2022,969.41,10116.59
8/8/2022,979.06,10218.16
9/8/2022,982.23,10251.24
10/8/2022,983.12,10266.63
11/8/2022,985.62,10292.81
15/8/2022,986.65,10317.81
16/8/2022,986.68,10318.14
17/8/2022,991.48,10368.33
18/8/2022,989,10342.4
19/8/2022,983.35,10292.06
22/8/2022,976.2,10219.88
23/8/2022,987.23,10335.74
24/8/2022,988.14,10352.4
25/8/2022,995.67,10434.69
26/8/2022,995.69,10435.51
29/8/2022,985.36,10327.29
30/8/2022,994.59,10428.84
31/8/2022,996.33,10447.04
1/9/2022,984.55,10323.54
2/9/2022,983.99,10324.12
5/9/2022,982.59,10311.03
6/9/2022,990.97,10398.98
7/9/2022,989.33,10385.75
8/9/2022,987.49,10366.42
9/9/2022,993.48,10430.75
12/9/2022,1001.19,10511.71
13/9/2022,1001.73,10519.27
14/9/2022,996.41,10470.11
15/9/2022,989.04,10392.62
16/9/2022,981.42,10312.59
19/9/2022,981.37,10312.04
20/9/2022,985.66,10357.16
21/9/2022,983.43,10333.7
22/9/2022,989.15,10393.81
23/9/2022,980.86,10306.75
26/9/2022,974.9,10244.1
27/9/2022,972.71,10221.11
28/9/2022,963.75,10158.65
29/9/2022,956.73,10084.69
30/9/2022,954.44,10060.55
3/10/2022,937.55,9882.48
4/10/2022,946.89,9981.66
5/10/2022,948.33,9996.76
6/10/2022,950.17,10016.24
7/10/2022,946.51,9977.6
10/10/2022,940.62,9915.57
11/10/2022,937.22,9879.7
12/10/2022,937.91,9891.3
17/10/2022,942.77,9942.57
18/10/2022,952.84,10048.79
19/10/2022,952.96,10050.04
20/10/2022,961.71,10142.29
21/10/2022,961.6,10141.12
25/10/2022,967.32,10201.41
26/10/2022,967.34,10201.66
27/10/2022,974.96,10282.05
28/10/2022,976.57,10299.03
31/10/2022,979.45,10329.33
1/11/2022,989.52,10435.55
2/11/2022,991.48,10456.24
3/11/2022,989.65,10436.9
4/11/2022,989.77,10438.2
7/11/2022,987.27,10411.82
8/11/2022,994.83,10491.56
9/11/2022,989.39,10434.19
10/11/2022,987.63,10419.49
11/11/2022,1001.3,10563.7
14/11/2022,992.15,10467.19
15/11/2022,992.23,10467.97
16/11/2022,984.61,10387.64
17/11/2022,980.74,10346.82
18/11/2022,981.62,10356.03
21/11/2022,984.74,10389.01
22/11/2022,981.97,10359.7
23/11/2022,987.84,10421.68
24/11/2022,988.13,10424.77
25/11/2022,983.27,10373.49
28/11/2022,979.53,10333.96
29/11/2022,986.92,10413.91
30/11/2022,993.78,10486.26
1/12/2022,994.36,10492.4
2/12/2022,987.3,10417.86
6/12/2022,983.77,10380.64
7/12/2022,978.83,10328.58
8/12/2022,977.47,10314.19
9/12/2022,979.01,10330.47
13/12/2022,981.17,10353.24
14/12/2022,984.7,10390.43
15/12/2022,978.58,10325.87
16/12/2022,980.24,10343.37
19/12/2022,979.42,10334.75
20/12/2022,973.67,10274.05
21/12/2022,973.64,10273.8
22/12/2022,977.86,10318.33
23/12/2022,978.21,10322.04
26/12/2022,983.51,10377.88
27/12/2022,996.07,10510.41
28/12/2022,1000.54,10557.61
29/12/2022,1010.19,10659.46
30/12/2022,1005.24,10607.24
3/1/2023,1013.39,10693.18
4/1/2023,1009.9,10656.39
5/1/2023,1002.46,10577.9
6/1/2023,1007.61,10632.27
9/1/2023,1017.96,10741.47
10/1/2023,1017.02,10735.02
11/1/2023,1011.61,10677.94
12/1/2023,1011.8,10679.92
13/1/2023,1006.49,10623.89
16/1/2023,1007.45,10634.05
17/1/2023,1004.34,10601.25
18/1/2023,1008.22,10642.14
19/1/2023,1010.31,10664.26
20/1/2023,1001.97,10576.2
23/1/2023,1006.08,10619.57
24/1/2023,1005.12,10609.48
25/1/2023,1005.04,10608.63
26/1/2023,997.69,10531.03
27/1/2023,1003.12,10588.38
30/1/2023,1002.72,10585.65
31/1/2023,992.95,10482.51
1/2/2023,1002.39,10582.14
2/2/2023,999.11,10547.59
3/2/2023,1004.22,10601.49
6/2/2023,998.63,10542.54
7/2/2023,998.25,10538.43
8/2/2023,992.32,10475.91
9/2/2023,991.51,10467.35
10/2/2023,989.1,10441.88
13/2/2023,990.97,10463.9
14/2/2023,986.08,10427.99
15/2/2023,986.19,10429.07
16/2/2023,994.81,10520.27
17/2/2023,990.44,10474.02
20/2/2023,991.6,10486.36
21/2/2023,997.76,10551.5
22/2/2023,991.27,10492.8
23/2/2023,986.26,10446.74
24/2/2023,973.75,10315.92
27/2/2023,969.33,10270.01
28/2/2023,965.56,10235.39
1/3/2023,966.94,10255.62
2/3/2023,965.31,10255.1
3/3/2023,960.9,10209.79
7/3/2023,967.02,10274.88
8/3/2023,961.77,10229.78
9/3/2023,962.35,10235.91
10/3/2023,954.28,10151.02
13/3/2023,939.39,9994.05
14/3/2023,910.71,9690.34
15/3/2023,937.98,9980.55
16/3/2023,932.8,9925.44
17/3/2023,940.4,10007.68
20/3/2023,933.94,9938.88
21/3/2023,949.49,10104.4
22/3/2023,956.67,10180.86
23/3/2023,961.29,10229.94
24/3/2023,960.41,10220.63
27/3/2023,960.01,10216.37
28/3/2023,967.78,10299.04
29/3/2023,971.45,10338.15
30/3/2023,969.55,10317.92
31/3/2023,974.26,10367.96
3/4/2023,964.83,10267.66
4/4/2023,961.27,10230.91
5/4/2023,946.12,10069.73
7/4/2023,950.93,10122.83
10/4/2023,963.52,10261.86
11/4/2023,965.51,10284.5
12/4/2023,961.76,10248.61
17/4/2023,966.09,10315.17
18/4/2023,961,10270.69
19/4/2023,953.8,10196.51
20/4/2023,943.5,10086.45
21/4/2023,938.5,10042.53
24/4/2023,939.38,10051.87
25/4/2023,931.62,9968.83
26/4/2023,934.54,10000.07
27/4/2023,924.98,9900.49
28/4/2023,922.72,9876.33
2/5/2023,927.01,9929.58
3/5/2023,929.5,9959.09
8/5/2023,949.68,10183.27
9/5/2023,949.21,10179.07
10/5/2023,951.69,10205.71
11/5/2023,950.57,10193.73
12/5/2023,947.72,10163.13
15/5/2023,935.87,10036.08
16/5/2023,934.35,10019.74
17/5/2023,922.93,9897.28
18/5/2023,925.91,9929.22
19/5/2023,919.44,9859.82
22/5/2023,929.56,9968.38
23/5/2023,929.43,9967.03
24/5/2023,929.22,9964.74
25/5/2023,928.88,9961.05
26/5/2023,924.72,9917.64
29/5/2023,931.76,9993.08
30/5/2023,926.91,9941.12
31/5/2023,924.65,9916.84
1/6/2023,917.28,9837.76
2/6/2023,924.89,9919.44
6/6/2023,923.54,9904.95
7/6/2023,927,9942.02
8/6/2023,945.95,10145.24
9/6/2023,941.58,10098.44
12/6/2023,939.81,10079.43
13/6/2023,947.28,10159.56
14/6/2023,946.07,10146.59
15/6/2023,947.62,10163.17
16/6/2023,948.82,10176.04
19/6/2023,949.69,10185.39
20/6/2023,934.61,10023.65
21/6/2023,925.93,9930.55
22/6/2023,918.69,9852.91
23/6/2023,917.58,9841.05
26/6/2023,908.3,9741.51
27/6/2023,902.74,9681.84
28/6/2023,896.42,9614.13
29/6/2023,902.65,9680.93
30/6/2023,919.28,9859.27
3/7/2023,922.4,9892.7
4/7/2023,928.06,9955.27
5/7/2023,926.27,9936.14
6/7/2023,914.49,9809.77
7/7/2023,914.37,9808.43
10/7/2023,919.81,9866.76
11/7/2023,921.32,9882.99
12/7/2023,920.65,9875.86
13/7/2023,921.83,9888.51
14/7/2023,937.8,10059.78
17/7/2023,942.5,10110.18
18/7/2023,948.76,10177.32
19/7/2023,947.99,10169.12
20/7/2023,938.72,10069.61
21/7/2023,945.22,10139.38
24/7/2023,944.01,10126.46
25/7/2023,946.1,10148.88
26/7/2023,945.55,10142.93
27/7/2023,957.58,10271.92
31/7/2023,966.18,10364.23
2/8/2023,963.01,10330.17
3/8/2023,947.72,10166.16
4/8/2023,948.68,10176.45
7/8/2023,952.05,10214.29
8/8/2023,942.11,10108.56
9/8/2023,948.05,10174.57
10/8/2023,951.1,10207.37
11/8/2023,951.23,10208.75
15/8/2023,939.78,10099.2
16/8/2023,938.88,10089.55
17/8/2023,944.29,10147.6
18/8/2023,936.68,10075.25
21/8/2023,941.98,10133.39
22/8/2023,954.56,10268.68
23/8/2023,954.71,10275.04
24/8/2023,960.35,10338.74
25/8/2023,960.47,10340.08
28/8/2023,960.75,10344.62
29/8/2023,963.46,10373.71
30/8/2023,966.69,10408.49
31/8/2023,957.21,10307.56
1/9/2023,957.01,10306.76
4/9/2023,948.49,10214.99
5/9/2023,947.09,10199.97
6/9/2023,948.79,10225.56
7/9/2023,948.94,10228.4
8/9/2023,946,10196.69
11/9/2023,941.9,10152.46
12/9/2023,945.63,10200.69
13/9/2023,941.24,10160.94
14/9/2023,947.35,10228.21
15/9/2023,946.02,10213.91
18/9/2023,937.17,10118.33
19/9/2023,933.53,10079.04
20/9/2023,924.16,9977.84
21/9/2023,927.52,10014.14
22/9/2023,933.69,10080.78
25/9/2023,923.5,9970.71
26/9/2023,917.39,9904.8
27/9/2023,919.75,9930.22
28/9/2023,909.88,9823.71
29/9/2023,899.28,9709.22
2/10/2023,901.06,9728.49
3/10/2023,885.67,9562.31
4/10/2023,886.3,9587.27
5/10/2023,887.91,9604.66
6/10/2023,876.95,9486.09
9/10/2023,874.5,9463.4
10/10/2023,878.02,9501.53
11/10/2023,893.57,9669.79
12/10/2023,890.26,9634.03
16/10/2023,876.65,9486.74
17/10/2023,880.99,9533.63
18/10/2023,888.33,9613.14
19/10/2023,877.98,9501.12
20/10/2023,863.93,9349.11
24/10/2023,857.99,9284.77
25/10/2023,865.04,9361.06
26/10/2023,846.89,9164.7
27/10/2023,859.26,9298.51
30/10/2023,865.78,9369.06
31/10/2023,856.53,9268.96
1/11/2023,855.05,9252.94
2/11/2023,869.19,9405.95
3/11/2023,878.73,9509.2
6/11/2023,876.34,9483.35
7/11/2023,871.54,9431.41
8/11/2023,872.38,9440.55
9/11/2023,870.23,9417.23
10/11/2023,860.48,9311.69
13/11/2023,861.39,9321.55
14/11/2023,860.71,9314.23
15/11/2023,878.86,9510.63
16/11/2023,879,9512.1
17/11/2023,876.75,9487.8
20/11/2023,879.24,9514.78
21/11/2023,881.47,9538.87
22/11/2023,874.59,9465.22
23/11/2023,867.64,9389.95
24/11/2023,862.82,9337.87
27/11/2023,860.75,9315.48
28/11/2023,866.36,9376.18
29/11/2023,857.9,9285.72
30/11/2023,852.94,9232
1/12/2023,852.94,9231.98
4/12/2023,855.7,9261.84
6/12/2023,857.44,9280.7
7/12/2023,850,9200.16
8/12/2023,852.69,9233.4
12/12/2023,850.55,9210.18
13/12/2023,841.2,9108.96
14/12/2023,854.81,9256.38
15/12/2023,863.64,9352.02
18/12/2023,865.13,9368.14
19/12/2023,866.96,9387.95
20/12/2023,869.24,9412.65
21/12/2023,870.81,9429.64
22/12/2023,871.46,9436.66
25/12/2023,874.45,9469.07
26/12/2023,877.26,9499.42
27/12/2023,873.79,9461.9
28/12/2023,875.25,9477.68
2/1/2024,884.83,9581.4
3/1/2024,880.6,9535.62
4/1/2024,881.44,9544.73
5/1/2024,874.81,9472.93
8/1/2024,868.83,9408.17
9/1/2024,867.94,9398.5
10/1/2024,866.99,9388.21
11/1/2024,863.87,9354.46
12/1/2024,865.6,9373.22
15/1/2024,860.62,9319.24
16/1/2024,857.05,9280.64
17/1/2024,843.57,9134.62
18/1/2024,840.8,9104.68
19/1/2024,845.38,9154.2
22/1/2024,836.68,9060.08
23/1/2024,830.52,8993.29
24/1/2024,846.15,9162.6
25/1/2024,842.28,9120.72
26/1/2024,836.86,9061.94
29/1/2024,841.3,9110.03
30/1/2024,838.49,9079.64
31/1/2024,834.02,9031.25
1/2/2024,836.15,9054.35
2/2/2024,847.31,9175.15
5/2/2024,846.52,9166.62
6/2/2024,855.37,9262.4
7/2/2024,857.43,9284.68
8/2/2024,849.62,9200.11
9/2/2024,848.58,9188.9
12/2/2024,849.52,9199.03
13/2/2024,850.94,9214.44
14/2/2024,844.51,9144.8
15/2/2024,845.18,9152.07
16/2/2024,845.97,9160.66
19/2/2024,846.24,9191.07
20/2/2024,842.74,9157.4
21/2/2024,852.03,9258.38
22/2/2024,857.54,9318.19
23/2/2024,855.12,9298.9
27/2/2024,849.9,9247.05
28/2/2024,841.77,9166.81
29/2/2024,836.19,9133.81
1/3/2024,833.85,9109.25
4/3/2024,831.58,9084.38
5/3/2024,829.39,9060.5
6/3/2024,837.26,9150.91
7/3/2024,838.39,9169.13
8/3/2024,848.02,9275.39
11/3/2024,842.76,9217.86
12/3/2024,843.4,9226.54
13/3/2024,846.75,9266.99
14/3/2024,854.36,9356.74
15/3/2024,847.13,9278.91
18/3/2024,848.72,9296.4
19/3/2024,845.98,9266.39
20/3/2024,841.04,9212.18
21/3/2024,850.82,9319.37
22/3/2024,847.8,9286.3
25/3/2024,841.69,9220
26/3/2024,844.1,9246.43
27/3/2024,845.66,9263.48
28/3/2024,838.31,9182.99
29/3/2024,844.41,9249.77
1/4/2024,845.21,9258.6
2/4/2024,845.81,9266.19
3/4/2024,844.4,9250.79
4/4/2024,844.16,9251.45
5/4/2024,846.14,9274.85
9/4/2024,864.86,9480.02
10/4/2024,868.31,9517.87
11/4/2024,859.39,9420.05
17/4/2024,839.55,9240.53
18/4/2024,834.89,9189.28
19/4/2024,816.8,8990.14
22/4/2024,827.66,9123.52
23/4/2024,832.2,9181.24
24/4/2024,834.74,9213.04
25/4/2024,836.55,9232.96
26/4/2024,833.69,9201.41
29/4/2024,834.08,9206.05
30/4/2024,837.97,9249.03
2/5/2024,835.21,9221.19
3/5/2024,840.39,9284.68
7/5/2024,845.72,9350.95
8/5/2024,843.29,9329.2
9/5/2024,841.31,9310.01
10/5/2024,843.75,9337
13/5/2024,844.41,9344.3
14/5/2024,847.74,9381.08
15/5/2024,844.54,9345.74
16/5/2024,850.15,9407.83
17/5/2024,853.89,9449.22
20/5/2024,850.86,9415.71
21/5/2024,844.77,9348.22
23/5/2024,843.52,9334.39
24/5/2024,840.13,9297.71
27/5/2024,842.65,9325.64
28/5/2024,839.5,9290.73
29/5/2024,829.58,9181.01
30/5/2024,830.37,9189.75
31/5/2024,825.96,9140.91
4/6/2024,822.31,9100.54
5/6/2024,822.85,9106.42
6/6/2024,817.15,9043.42
7/6/2024,819.85,9073.25
10/6/2024,811.63,8982.34
11/6/2024,809.92,8963.34
12/6/2024,812.74,8994.55
13/6/2024,810.56,8970.49
14/6/2024,808.76,8950.51
17/6/2024,802.38,8879.94
18/6/2024,802.35,8879.55
19/6/2024,811.09,8976.32
20/6/2024,807.17,8932.91
21/6/2024,808.74,8950.34
24/6/2024,815.52,9025.31
25/6/2024,816.55,9036.74
26/6/2024,817.58,9048.12
27/6/2024,811.5,8980.85
28/6/2024,806.1,8921.09
1/7/2024,805.84,8918.28
2/7/2024,800.12,8854.87
3/7/2024,804.69,8905.46
4/7/2024,808.62,8948.97
5/7/2024,814.04,9008.97
8/7/2024,819.63,9070.82
9/7/2024,818.75,9061.12
10/7/2024,821.98,9096.84
11/7/2024,826.95,9151.86
12/7/2024,827.38,9156.65
15/7/2024,826.14,9142.9
16/7/2024,822.62,9103.9
17/7/2024,824.25,9121.94
18/7/2024,827.91,9162.45
19/7/2024,822.87,9106.67
23/7/2024,813.58,9029.4
24/7/2024,813.22,8999.87
25/7/2024,810.88,8974.02
26/7/2024,821.29,9089.17
30/7/2024,829.22,9104.16
31/7/2024,836.7,9206.76
1/8/2024,832.82,9216.79
2/8/2024,827.63,9159.37
5/8/2024,805.95,8919.46
6/8/2024,806.18,8922.88
7/8/2024,817.7,9052.75
8/8/2024,819.1,9068.23
9/8/2024,822.84,9109.65
13/8/2024,823.16,9127.71
14/8/2024,818.89,9080.28
15/08/2024,817.71,9067.25
16/08/2024,825.35,9151.94
19/08/2024,839.83,9296.64
